lon(deg),lat(deg),alt(m) 'select st_asgeojson(shape) from adasline'
113.2064783786,23.007762366398,-2.628715
113.20648814125,23.007761841618,-2.633262
113.20649788448,23.007761306348,-2.637807
113.20650760822,23.007760761118,-2.642349
113.20651731246,23.007760206438,-2.646887
113.2065269962,23.007759642508,-2.651419
113.20653666115,23.007759069928,-2.655943
113.20654630653,23.007758489258,-2.660457
113.20655593094,23.007757900458,-2.664961
113.20656553698,23.007757304258,-2.669452
113.20657512183,23.007756700818,-2.67393
113.20658468851,23.007756090478,-2.678392
113.20659423383,23.007755473558,-2.682836
113.20660376119,23.007754850318,-2.687262
113.20661326703,23.007754220998,-2.691666
113.206622089365,23.0077529748558,-2.696048
113.206631557745,23.0077523340058,-2.700405
113.206641004475,23.0077516880958,-2.704737
113.206650433645,23.0077510369858,-2.709041
113.206659841065,23.0077503809258,-2.713315
113.206669228855,23.0077497202758,-2.717558
113.206678597035,23.0077490551958,-2.721768
113.206687947935,23.0077483853958,-2.725944
113.206697276995,23.0077477116458,-2.730083
113.206706586525,23.0077470339458,-2.734184
113.206715876545,23.0077463524258,-2.738246
113.206725149545,23.0077456669358,-2.742268
113.206734400645,23.0077449780258,-2.746247
113.206743632345,23.0077442857258,-2.750184
113.206752844645,23.0077435901558,-2.754075
113.206762037575,23.0077428914358,-2.757922
113.206771211185,23.0077421896858,-2.761722
113.206780365475,23.0077414850058,-2.765476
113.206789503065,23.0077407772958,-2.769182
113.206798618845,23.0077400670258,-2.77284
113.206807715415,23.0077393541658,-2.776451
113.206816792795,23.0077386388058,-2.780013
113.206825851015,23.0077379210558,-2.783527
113.206834890105,23.0077372009858,-2.786994
113.206843910105,23.0077364787058,-2.790413
113.206852911035,23.0077357542958,-2.793787
113.206861892945,23.0077350278358,-2.797114
113.206870855845,23.0077342994058,-2.800398
113.206879799775,23.0077335690958,-2.803638
113.206888724785,23.0077328369758,-2.806837
113.206897628215,23.0077321033258,-2.809995
113.206906515415,23.0077313677358,-2.813115
113.206915383795,23.0077306305458,-2.816199
113.206924233355,23.0077298918258,-2.819249
113.206933064125,23.0077291516458,-2.822266
113.206941876145,23.0077284100758,-2.825254
113.206950669465,23.0077276671558,-2.828214
113.206959444095,23.0077269229758,-2.831149
113.206968087895,23.0077259299223,-2.834063
113.206976822605,23.0077251834823,-2.836956
113.206985541375,23.0077244356923,-2.839833
113.206994249205,23.0077237706623,-2.842695
113.207002937275,23.0077230873623,-2.845545
113.207011605755,23.0077223888823,-2.848387
113.207020252175,23.0077216779123,-2.851222
113.207028881915,23.0077209560223,-2.854054
113.207037492475,23.0077202250323,-2.856884
113.207046083995,23.0077194862823,-2.859715
113.207054653745,23.0077187406523,-2.86255
113.207063207465,23.0077179890123,-2.86539
113.207071742435,23.0077172324623,-2.868238
113.207080258605,23.0077164715123,-2.871096
113.207088753785,23.0077157066923,-2.873965
113.207097233025,23.0077149385523,-2.876847
113.207105693735,23.0077141674323,-2.879743
113.207114133655,23.0077133940123,-2.882655
113.207122557775,23.0077126184223,-2.885583
113.207130963735,23.0077118407423,-2.888528
113.207139351535,23.0077110618123,-2.891491
113.207147245759,23.0077099869393,-2.894473
113.207155597409,23.0077092057393,-2.897474
113.207163931029,23.0077084236193,-2.900493
113.207172244309,23.0077076413093,-2.903531
113.207180542139,23.0077068583193,-2.906588
113.207188819739,23.0077060754993,-2.909662
113.207197081979,23.0077052923993,-2.912753
113.207205326499,23.0077045095693,-2.915861
113.207213550949,23.0077037272893,-2.918985
113.207221760169,23.0077029453593,-2.922123
113.207229951829,23.0077021640993,-2.925275
113.207238123569,23.0077013839593,-2.928439
113.207246280229,23.0077006046093,-2.931613
113.207254417099,23.0076998266793,-2.934797
113.207262538949,23.0076990498793,-2.937988
113.207270641129,23.0076982748393,-2.941186
113.207278728379,23.0076975012893,-2.944389
113.207286798399,23.0076967296693,-2.947596
113.207294848939,23.0076959603493,-2.950804
113.207302884669,23.0076951931893,-2.954012
113.207310901079,23.0076944288193,-2.957219
113.207318902749,23.0076936670393,-2.960423
113.207326885229,23.0076929087393,-2.963623
113.207334853119,23.0076921537293,-2.966818
113.207342801949,23.0076914028293,-2.970006
113.207350736319,23.0076906561193,-2.973187
113.207358651819,23.0076899146393,-2.976359
113.207366553019,23.0076891787693,-2.979521
113.207374435579,23.0076884497493,-2.982672
113.207382299929,23.0076876897193,-2.985812
113.207390145089,23.0076869302393,-2.98894
113.207397975439,23.0076861708793,-2.992056
113.207405786679,23.0076854120693,-2.995159
113.207413583159,23.0076846534293,-2.998249
113.207421360599,23.0076838953393,-3.001325
113.207429123329,23.0076831374893,-3.004389
113.207436867119,23.0076823801793,-3.007439
113.207444596229,23.0076816231793,-3.010477
113.207452306459,23.0076808666893,-3.013502
113.207459999989,23.0076801107693,-3.016515
113.207467678899,23.0076793549893,-3.019516
113.207475339089,23.0076785999593,-3.022506
113.207482984699,23.0076778451793,-3.025486
113.207490611649,23.0076770910793,-3.028456
113.207497059393,23.0076749833577,-3.031416
113.207504653243,23.0076742302477,-3.034368
113.207512230603,23.0076734777577,-3.037313
113.207519793503,23.0076727255277,-3.040251
113.207527337953,23.0076719740777,-3.043183
113.207534868003,23.0076712230077,-3.04611
113.207542379663,23.0076704726477,-3.049033
113.207549874993,23.0076697229377,-3.051952
113.207557355973,23.0076689735577,-3.054869
113.207564818713,23.0076682249877,-3.057784
113.207572267143,23.0076674768777,-3.060698
113.207579690713,23.0076666763877,-3.063612
113.207587098113,23.0076658766677,-3.066526
113.207594491283,23.0076650775677,-3.069441
113.207601866413,23.0076642795477,-3.072358
113.207609225493,23.0076634824477,-3.075276
113.207616570413,23.0076626861077,-3.078197
113.207623897443,23.0076618909677,-3.081121
113.207631208513,23.0076610968777,-3.084048
113.207638505523,23.0076603036377,-3.086978
113.207645784793,23.0076595116677,-3.089912
113.207653048183,23.0076587208177,-3.09285
113.207660297583,23.0076579309277,-3.095792
113.207667529383,23.0076571423977,-3.098738
113.207674745393,23.0076563550277,-3.101689
113.207681947493,23.0076555686777,-3.104643
113.207689132113,23.0076547837577,-3.107601
113.207696301053,23.0076540000377,-3.110564
113.207703456143,23.0076532174077,-3.11353
113.207710593883,23.0076524362277,-3.116501
113.207717716033,23.0076516563277,-3.119475
113.207724824413,23.0076508775477,-3.122453
113.207731915573,23.0076501002377,-3.125435
113.207738991233,23.0076493242677,-3.128421
113.207746053233,23.0076485494077,-3.131411
113.207753098053,23.0076477761077,-3.134404
113.207760127553,23.0076470041277,-3.137401
113.207767141673,23.0076462335177,-3.140402
113.207774142223,23.0076454640677,-3.143407
113.207781125753,23.0076446961977,-3.146417
113.207788094103,23.0076439296777,-3.14943
113.207795048853,23.0076431643777,-3.152449
113.207801986803,23.0076424006277,-3.155473
113.207808909603,23.0076416382977,-3.158502
113.207815817233,23.0076408773577,-3.161537
113.207822711483,23.0076401176377,-3.164579
113.207829588973,23.0076393595177,-3.167627
113.207836451493,23.0076386027977,-3.170684
113.207843299033,23.0076378475177,-3.173749
113.207850133153,23.0076370934577,-3.176823
113.207856950793,23.0076363410077,-3.179906
113.207863753473,23.0076355900077,-3.183001
113.207870541343,23.0076348404077,-3.186107
113.207877315963,23.0076340920877,-3.189226
113.207884074133,23.0076333453777,-3.192358
113.207890817583,23.0076326000877,-3.195504
113.207897546293,23.0076318562577,-3.198665
113.207904261783,23.0076311136977,-3.201843
113.207910961083,23.0076303727477,-3.205037
113.207917645743,23.0076296332377,-3.20825
113.207924315783,23.0076288951977,-3.211482
113.207930971183,23.0076281585877,-3.214733
113.207937613573,23.0076274232577,-3.218005
113.207944239933,23.0076266895577,-3.221299
113.207950851743,23.0076259573177,-3.224614
113.207957449133,23.0076252265077,-3.227953
113.207964032083,23.0076244971577,-3.231315
113.207970602103,23.0076237691077,-3.234701
113.207977156233,23.0076230426677,-3.238112
113.207983696053,23.0076223176777,-3.241548
113.207990221563,23.0076215941477,-3.24501
113.207996732793,23.0076208720777,-3.248497
113.208003231153,23.0076201513077,-3.25201
113.208009713903,23.0076194321277,-3.255549
113.208016182463,23.0076187144177,-3.259114
113.208022636863,23.0076179981577,-3.262704
113.208029077123,23.0076172833577,-3.26632
113.208035504643,23.0076165698477,-3.269961
113.208041916733,23.0076158579377,-3.273627
113.208048314783,23.0076151474877,-3.277318
113.208054698823,23.0076144384977,-3.281032
113.208061068893,23.0076137309477,-3.28477
113.208067424973,23.0076130248577,-3.288529
113.208073768533,23.0076123200477,-3.292311
113.208080096843,23.0076116168477,-3.296112
113.208086411293,23.0076109150877,-3.299934
113.208092711923,23.0076102147777,-3.303774
113.208098998763,23.0076095159177,-3.307631
113.208105271793,23.0076088184977,-3.311505
113.208111532443,23.0076081223677,-3.315394
113.208117778063,23.0076074278277,-3.319296
113.208124010023,23.0076067347177,-3.323212
113.208130227813,23.0076060391077,-3.327138
113.208136432003,23.0076053450277,-3.331075
113.208142622623,23.0076046524577,-3.33502
113.208148799673,23.0076039614077,-3.338973
113.208154964503,23.0076032717277,-3.342931
113.208161114593,23.0076025836877,-3.346895
113.208167251233,23.0076018971577,-3.350861
113.208173374443,23.0076012121377,-3.35483
113.208179484253,23.0076005286077,-3.3588
113.208185580723,23.0075998465677,-3.36277
113.208191663843,23.0075991660277,-3.366738
113.208197733683,23.0075984869677,-3.370703
113.208203791433,23.0075978092577,-3.374665
113.208209834753,23.0075971331677,-3.378622
113.208215864853,23.0075964585577,-3.382573
113.208221881783,23.0075957854177,-3.386517
113.2082272366,23.00759440576,-3.390454
113.20823322725,23.00759373556,-3.394382
113.20823920482,23.00759306683,-3.398301
113.20824516933,23.00759239955,-3.40221
113.20825112198,23.0075917336,-3.406108
113.20825706046,23.00759106924,-3.409995
113.20826298597,23.00759040632,-3.41387
113.20826889852,23.00758974486,-3.417733
113.20827479819,23.00758908484,-3.421582
113.20828068497,23.00758842626,-3.425419
113.20828655892,23.00758776911,-3.429241
113.20829242004,23.0075871134,-3.43305
113.20829826837,23.00758645912,-3.436844
113.20830410394,23.00758580627,-3.440624
113.2083099279,23.00758515471,-3.444389
113.20831573804,23.0075845047,-3.448139
113.20832153552,23.00758385611,-3.451874
113.20832732036,23.00758320893,-3.455594
113.20833309261,23.00758256316,-3.459299
113.20833885227,23.0075819188,-3.462988
113.20834459937,23.00758127584,-3.466662
113.20835033398,23.00758063428,-3.470321
113.2083560561,23.00757999412,-3.473964
113.20836176574,23.00757935535,-3.477593
113.20836746297,23.00757871797,-3.481206
113.2083731478,23.00757808198,-3.484805
113.20837882131,23.00757744726,-3.488388
113.20838448144,23.00757681403,-3.491957
113.20839012926,23.00757618218,-3.495512
113.20839576482,23.0075755517,-3.499053
113.20840138812,23.00757492259,-3.50258
113.20840699922,23.00757429484,-3.506094
113.20841259813,23.00757366846,-3.509594
113.20841818488,23.00757304344,-3.513081
113.20842375951,23.00757241978,-3.516556
113.20842932204,23.00757179747,-3.520019
113.20843487252,23.0075711765,-3.523471
113.20844041096,23.00757055689,-3.526912
113.20844593739,23.00756993861,-3.530343
113.20845145185,23.00756932168,-3.533764
113.20845695437,23.00756870608,-3.537176
113.20846244593,23.00756809171,-3.54058
113.20846792464,23.00756747877,-3.543977
113.20847339151,23.00756686716,-3.547367
113.20847884656,23.00756625687,-3.550752
113.2084842898,23.0075656479,-3.554132
113.20848972129,23.00756504025,-3.557508
113.20849514104,23.00756443391,-3.560882
113.20850054909,23.00756382888,-3.564255
113.20850594548,23.00756322515,-3.567628
113.20851133021,23.00756262273,-3.571002
113.20851670335,23.0075620216,-3.574379
113.20852206489,23.00756142177,-3.57776
113.2085274149,23.00756082324,-3.581146
113.20853275338,23.00756022599,-3.58454
113.20853808035,23.00755963002,-3.587942
113.20854339588,23.00755903534,-3.591355
113.20854869998,23.00755844194,-3.59478
113.20855399267,23.00755784981,-3.598218
113.20855927399,23.00755725896,-3.601672
113.20856454397,23.00755666937,-3.605143
113.20856980265,23.00755608105,-3.608633
113.20857505004,23.00755549399,-3.612144
113.20858028702,23.00755490809,-3.615678
113.20858551194,23.00755432355,-3.619237
113.20859072567,23.00755374025,-3.622822
113.20859592824,23.00755315821,-3.626435
113.20860111969,23.0075525774,-3.630078
113.20860630003,23.00755199784,-3.633753
113.2086114693,23.00755141952,-3.637462
113.20861662753,23.00755084244,-3.641205
113.20862177476,23.00755026658,-3.644985
113.208626911,23.00754969195,-3.648803
113.20863203631,23.00754911855,-3.65266
113.20863715068,23.00754854637,-3.656558
113.208641563305,23.0075473692845,-3.660498
113.208646655945,23.0075467995345,-3.664481
113.208651737755,23.0075462309945,-3.668507
113.208656808755,23.0075456636645,-3.672578
113.208661869005,23.0075450975345,-3.676694
113.208666918515,23.0075445326145,-3.680855
113.208671957295,23.0075439688845,-3.685062
113.208676985425,23.0075434063545,-3.689315
113.208682002895,23.0075428450145,-3.693613
113.208687009755,23.0075422848645,-3.697956
113.208692006025,23.0075417258945,-3.702344
113.208696991735,23.0075411681045,-3.706775
113.208701966915,23.0075406114945,-3.71125
113.208706931605,23.0075400560545,-3.715766
113.208711885825,23.0075395017945,-3.720323
113.208716829605,23.0075389486945,-3.724918
113.208721763005,23.0075383967545,-3.729551
113.208726686005,23.0075378459845,-3.734219
113.208731598665,23.0075372963645,-3.73892
113.208736501005,23.0075367479045,-3.743653
113.208741393065,23.0075362005945,-3.748414
113.208746274865,23.0075356544345,-3.753201
113.208751145615,23.0075351095045,-3.758011
113.208756006575,23.0075345656645,-3.762842
113.208760857575,23.0075340229545,-3.767691
113.208765698545,23.0075334813545,-3.772555
113.208770529475,23.0075329408745,-3.777431
113.208775350365,23.0075324015245,-3.782316
113.208780161155,23.0075318633045,-3.787208
113.208784962025,23.0075313261945,-3.792102
113.208789752845,23.0075307902045,-3.796997
113.208794533825,23.0075302553245,-3.80189
113.208799304795,23.0075297215545,-3.806777
113.208804065865,23.0075291888945,-3.811657
113.208808817165,23.0075286573345,-3.816526
113.208813433736,23.0075278993294,-3.821382
113.208818165326,23.0075273699694,-3.826223
113.208822887146,23.0075268416994,-3.831047
113.208827599216,23.0075263145194,-3.835852
113.208832301576,23.0075257884294,-3.840636
113.208836994266,23.0075252634194,-3.845398
113.208841677296,23.0075247394894,-3.850137
113.208846350756,23.0075242166294,-3.854851
113.208851014576,23.0075236948494,-3.85954
113.208855668766,23.0075231741494,-3.864203
113.208860313476,23.0075226544994,-3.868839
113.208864948686,23.0075221359194,-3.873449
113.208869574426,23.0075216183994,-3.878032
113.208874190736,23.0075211019394,-3.882589
113.208878797596,23.0075205865294,-3.88712
113.208883395096,23.0075200721694,-3.891626
113.208887983236,23.0075195588494,-3.896106
113.208892562056,23.0075190465794,-3.900562
113.208897131576,23.0075185353494,-3.904995
113.208901691836,23.0075180251494,-3.909406
113.208906242806,23.0075175159994,-3.913796
113.208910785086,23.0075170078094,-3.918167
113.208915317716,23.0075165007094,-3.922518
113.208919841316,23.0075159946094,-3.926852
113.208924355816,23.0075154895394,-3.93117
113.208928861226,23.0075149854794,-3.935472
113.208933357546,23.0075144824294,-3.939761
113.208937844876,23.0075139803894,-3.944037
113.208942323206,23.0075134793594,-3.9483
113.208946792576,23.0075129793294,-3.952552
113.208951253006,23.0075124803094,-3.956794
113.208955704536,23.0075119822694,-3.961026
113.208960147196,23.0075114852294,-3.965248
113.208964581006,23.0075109891794,-3.969462
113.208969005996,23.0075104941194,-3.973667
113.208973422196,23.0075100000394,-3.977863
113.208977829666,23.0075095069294,-3.982049
113.208982228406,23.0075090148094,-3.986227
113.208986618456,23.0075085236494,-3.990395
113.208990999836,23.0075080334694,-3.994554
113.208995372586,23.0075075442394,-3.998701
113.208999736736,23.0075070559894,-4.002837
113.209004092306,23.0075065686894,-4.00696
113.209008439346,23.0075060823394,-4.011069
113.209012777866,23.0075055969494,-4.015164
113.209017107906,23.0075051125094,-4.019242
113.209021429496,23.0075046290094,-4.023303
113.209025742666,23.0075041464594,-4.027345
113.209030047436,23.0075036648394,-4.031368
113.209034343846,23.0075031841594,-4.035368
113.209038631936,23.0075027044094,-4.039346
113.209042911706,23.0075022255894,-4.043298
113.209047183216,23.0075017476994,-4.047225
113.209051446486,23.0075012707294,-4.051124
113.209055582574,23.0075006498512,-4.054995
113.209059479957,23.0074998507985,-4.058835
113.209063718707,23.0074993765685,-4.062643
113.209067949297,23.0074989032585,-4.066419
113.209072171807,23.0074984308385,-4.070161
113.209076386267,23.0074979593285,-4.073868
113.209080592667,23.0074974887185,-4.077539
113.209084791087,23.0074970189985,-4.081172
113.209088981547,23.0074965501685,-4.084768
113.209093164037,23.0074960822285,-4.088326
113.209097338627,23.0074956151785,-4.091845
113.209101505347,23.0074951490085,-4.095325
113.209105664197,23.0074946837185,-4.098764
113.209109815237,23.0074942192985,-4.102164
113.209113958497,23.0074937557485,-4.105523
113.209118093977,23.0074932930685,-4.108842
113.209122221717,23.0074928312585,-4.11212
113.209126341787,23.0074923703085,-4.115359
113.209130454157,23.0074919102085,-4.118557
113.209134558887,23.0074914509785,-4.121715
113.209138656027,23.0074909925885,-4.124834
113.209142747027,23.0074905348785,-4.127914
113.209146830527,23.0074900780185,-4.130955
113.209150906517,23.0074896219985,-4.133959
113.209154975057,23.0074891668085,-4.136925
113.209159036137,23.0074887124485,-4.139854
113.209163089837,23.0074882589185,-4.142747
113.209167136137,23.0074878062185,-4.145605
113.209171175127,23.0074873543385,-4.148429
113.209175206777,23.0074869032785,-4.151219
113.209179231157,23.0074864530285,-4.153976
113.209183248287,23.0074860035885,-4.1567
113.209187258187,23.0074855549585,-4.159394
113.209191260887,23.0074851071285,-4.162057
113.209195256427,23.0074846601085,-4.164691
113.209199244827,23.0074842138785,-4.167297
113.209203226147,23.0074837684485,-4.169874
113.209207200377,23.0074833238085,-4.172425
113.209211167557,23.0074828799585,-4.17495
113.209215127757,23.0074824368885,-4.17745
113.209219080957,23.0074819946085,-4.179925
113.209223027187,23.0074815530985,-4.182378
113.209226966507,23.0074811123585,-4.184807
113.209230898947,23.0074806723985,-4.187215
113.209234824517,23.0074802331985,-4.189602
113.209238743247,23.0074797947685,-4.191969
113.209242655177,23.0074793570985,-4.194316
113.209246560357,23.0074789201885,-4.196644
113.209250458767,23.0074784840285,-4.198954
113.209254350487,23.0074780486185,-4.201247
113.209258235527,23.0074776139585,-4.203523
113.209262113887,23.0074771800385,-4.205783
113.209265985667,23.0074767468585,-4.208027
113.209269850847,23.0074763144185,-4.210256
113.209273709447,23.0074758827185,-4.212471
113.209277561517,23.0074754517385,-4.214672
113.209281407097,23.0074750214985,-4.21686
113.209285246207,23.0074745919685,-4.219035
113.209289078877,23.0074741631685,-4.221197
113.209292905147,23.0074737350785,-4.223347
113.209296725027,23.0074733077085,-4.225486
113.209300538567,23.0074728810385,-4.227614
113.209304345777,23.0074724550885,-4.229732
113.209308146697,23.0074720298385,-4.231839
113.209311941357,23.0074716052785,-4.233936
113.209315729807,23.0074711814285,-4.236024
113.209319512057,23.0074707582585,-4.238103
113.209323288107,23.0074703357885,-4.240173
113.209327058037,23.0074699140085,-4.242234
113.209330821867,23.0074694929085,-4.244288
113.209334579607,23.0074690724785,-4.246333
113.209337998844,23.0074683057963,-4.248371
113.209341744504,23.0074678867263,-4.250402
113.209345484194,23.0074674683163,-4.252426
113.209349217934,23.0074670505863,-4.254443
113.209352945734,23.0074666335063,-4.256453
113.209356667634,23.0074662170963,-4.258457
113.209360383674,23.0074658013463,-4.260455
113.209364093864,23.0074653862363,-4.262447
113.209367798254,23.0074649717863,-4.264434
113.209371496874,23.0074645579763,-4.266415
113.209375189724,23.0074641448163,-4.268391
113.209378876874,23.0074637322863,-4.270361
113.209382558364,23.0074633203963,-4.272326
113.209386234204,23.0074629091363,-4.274287
113.209389904424,23.0074624985063,-4.276242
113.209393569054,23.0074620885063,-4.278192
113.209397228104,23.0074616791163,-4.280137
113.209400881624,23.0074612703563,-4.282076
113.209404529654,23.0074608622063,-4.284011
113.209408172204,23.0074604546763,-4.28594
113.209411809304,23.0074600477463,-4.287863
113.209415440984,23.0074596414263,-4.289781
113.209419067294,23.0074592357063,-4.291692
113.209422688244,23.0074588305863,-4.293597
113.209426303884,23.0074584260663,-4.295495
113.209429914214,23.0074580221263,-4.297387
113.209433519294,23.0074576187863,-4.29927
113.209437119124,23.0074572160263,-4.301145
113.209440713774,23.0074568138563,-4.303012
113.209444303234,23.0074564122563,-4.304869
113.209447887574,23.0074560112363,-4.306716
113.209451466784,23.0074556107863,-4.308552
113.209455040914,23.0074552108963,-4.310377
113.209458609994,23.0074548115863,-4.31219
113.209462174064,23.0074544128263,-4.313989
113.209465733124,23.0074540146263,-4.315774
113.209469287234,23.0074536169863,-4.317544
113.209472836414,23.0074532198963,-4.319298
113.209476380694,23.0074528233563,-4.321035
113.209479920104,23.0074524273563,-4.322754
113.209483454674,23.0074520318963,-4.324453
113.209486984424,23.0074516369863,-4.326132
113.209490509404,23.0074512425963,-4.327788
113.209494029634,23.0074508487463,-4.329422
113.209497545134,23.0074504554263,-4.331031
113.20950090934,23.0074499094619,-4.332615
113.2095044155,23.0074495171819,-4.334171
113.20950791703,23.0074491254219,-4.335699
113.20951141396,23.0074487341719,-4.337198
113.20951490633,23.0074483434419,-4.338665
113.20951839416,23.0074479532119,-4.340099
113.20952187747,23.0074475634919,-4.341499
113.20952535631,23.0074471742619,-4.342864
113.2095288307,23.0074467855419,-4.344193
113.20953230068,23.0074463973119,-4.345483
113.20953576627,23.0074460095719,-4.346733
113.20953922749,23.0074456223219,-4.347942
113.2095426844,23.0074452355519,-4.349109
113.20954613701,23.0074448492619,-4.350232
113.20954958535,23.0074444634519,-4.351311
113.20955302944,23.0074440781219,-4.352343
113.20955646935,23.0074436932519,-4.353328
113.20955990507,23.0074433088519,-4.354264
113.20956333664,23.0074429249219,-4.35515
113.2095667641,23.0074425414419,-4.355986
113.20957018747,23.0074421584219,-4.35677
113.20957360679,23.0074417758619,-4.357502
113.20957702208,23.0074413937519,-4.35818
113.20958043338,23.0074410120819,-4.358804
113.20958384071,23.0074406308619,-4.359374
113.20958724411,23.0074402500719,-4.359888
113.2095906436,23.0074398697319,-4.360346
113.20959403922,23.0074394898119,-4.360748
113.20959743099,23.0074391103319,-4.361094
113.20960081895,23.0074387312819,-4.361384
113.20960420313,23.0074383526419,-4.361617
113.20960758355,23.0074379744319,-4.361794
113.20961096025,23.0074375966319,-4.361914
113.20961433326,23.0074372192519,-4.361979
113.2096177026,23.0074368422819,-4.361989
113.20962106831,23.0074364657119,-4.361944
113.20962443042,23.0074360895519,-4.361845
113.20962778895,23.0074357137819,-4.361693
113.20963114394,23.0074353384219,-4.361489
113.20963449541,23.0074349634419,-4.361235
113.20963784342,23.0074345888519,-4.360931
113.20964118796,23.0074342146519,-4.360578
113.20964452909,23.0074338408419,-4.360179
113.20964786681,23.0074334674019,-4.359735
113.20965120118,23.0074330943419,-4.359247
113.20965453223,23.0074327216519,-4.358718
113.20965785996,23.0074323493319,-4.358149
113.20966118443,23.0074319773819,-4.357543
113.20966450566,23.0074316057919,-4.356901
113.20966782367,23.0074312345519,-4.356225
113.20967113851,23.0074308636819,-4.355519
113.2096744502,23.0074304931519,-4.354783
113.20967775876,23.0074301229819,-4.35402
113.20968106424,23.0074297531519,-4.353233
113.20968436666,23.0074293836619,-4.352425
113.20968766604,23.0074290145219,-4.351596
113.20969096243,23.0074286457019,-4.35075
113.20969425585,23.0074282772219,-4.349889
113.20969754632,23.0074279090719,-4.349014
113.20970083389,23.0074275412519,-4.348129
113.20970411859,23.0074271737419,-4.347236
113.20970740043,23.0074268065619,-4.346336
113.20971067946,23.0074264396919,-4.345433
113.20971395569,23.0074260731319,-4.344526
113.20971722917,23.0074257068819,-4.34362
113.20972049993,23.0074253409319,-4.342714
113.20972330341,23.0074244699528,-4.341812
113.2097265688,23.0074241046028,-4.340914
113.20972983155,23.0074237395528,-4.340022
113.20973309169,23.0074233748028,-4.339137
113.20973634925,23.0074230103328,-4.33826
113.20973960428,23.0074226461428,-4.337393
113.20974285678,23.0074222822428,-4.336537
113.2097461068,23.0074219186128,-4.335692
113.20974935436,23.0074215552628,-4.334858
113.20975259949,23.0074211921828,-4.334037
113.20975584223,23.0074208293728,-4.333229
113.2097590826,23.0074204668228,-4.332435
113.20976232065,23.0074201045428,-4.331653
113.20976555637,23.0074197425128,-4.330885
113.20976878983,23.0074193807428,-4.330131
113.20977202105,23.0074190192128,-4.329389
113.20977525005,23.0074186579428,-4.328661
113.20977847686,23.0074182969128,-4.327945
113.20978170152,23.0074179361228,-4.327242
113.20978492405,23.0074175755728,-4.32655
113.2097881445,23.0074172152528,-4.32587
113.20979136287,23.0074168551628,-4.325201
113.20979457922,23.0074164953028,-4.324542
113.20979779356,23.0074161356728,-4.323892
113.20980100593,23.0074157762628,-4.323251
113.20980421635,23.0074154170628,-4.322619
113.20980742487,23.0074150580828,-4.321993
113.20981063149,23.0074146993028,-4.321375
113.20981383627,23.0074143407428,-4.320763
113.20981703923,23.0074139823828,-4.320155
113.20982024039,23.0074136242128,-4.319552
113.20982343979,23.0074132662528,-4.318953
113.20982663746,23.0074129084828,-4.318358
113.20982983342,23.0074125509028,-4.317765
113.20983302771,23.0074121935128,-4.317173
113.20983622037,23.0074118363028,-4.316584
113.20983941141,23.0074114792728,-4.315995
113.20984260087,23.0074111224228,-4.315406
113.20984578879,23.0074107657428,-4.314818
113.20984897518,23.0074104092328,-4.314229
113.20985216008,23.0074100528928,-4.313639
113.20985534351,23.0074096967128,-4.313047
113.20985852553,23.0074093406928,-4.312455
113.20986170614,23.0074089848328,-4.31186
113.20986488538,23.0074086291228,-4.311264
113.20986806327,23.0074082735628,-4.310666
113.20987123987,23.0074079181428,-4.310066
113.20987441518,23.0074075628828,-4.309464
113.20987758925,23.0074072077428,-4.308859
113.20988076209,23.0074068527528,-4.308252
113.20988393375,23.0074064978928,-4.307643
113.20988710424,23.0074061431628,-4.307032
113.20989027361,23.0074057885528,-4.306419
113.20989344188,23.0074054340728,-4.305805
113.20989660909,23.0074050797128,-4.305188
113.20989977525,23.0074047254628,-4.304571
113.20990294041,23.0074043713328,-4.303952
113.20990610459,23.0074040173028,-4.303332
113.20990926782,23.0074036633828,-4.302711
113.20991243014,23.0074033095728,-4.30209
113.20991559157,23.0074029558528,-4.301468
113.20991875214,23.0074026022328,-4.300847
113.20992191189,23.0074022487028,-4.300226
113.20992507084,23.0074018952628,-4.299606
113.20992822902,23.0074015419028,-4.298987
113.20993138646,23.0074011886328,-4.298369
113.20993454321,23.0074008354428,-4.297754
113.20993769927,23.0074004823228,-4.29714
113.2099408547,23.0074001292728,-4.296529
113.20994400936,23.0073997763128,-4.295921
113.20994716344,23.0073994234228,-4.295317
113.20995031696,23.0073990705828,-4.294716
113.20995346996,23.0073987178128,-4.294119
113.20995662247,23.0073983650928,-4.293527
113.20995977451,23.0073980124228,-4.29294
113.20996292611,23.0073976598028,-4.292358
113.20996607731,23.0073973072328,-4.291781
113.20996922814,23.0073969546928,-4.29121
113.20997237863,23.0073966022028,-4.290646
113.20997552881,23.0073962497428,-4.290088
113.20997867869,23.0073958973128,-4.289537
113.20998182834,23.0073955449128,-4.288993
113.20998497776,23.0073951925428,-4.288456
113.20998812698,23.0073948401828,-4.287928
113.20999127605,23.0073944878528,-4.287407
113.20999442498,23.0073941355328,-4.286894
113.2099975738,23.0073937832228,-4.28639
113.21000072256,23.0073934309228,-4.285894
113.21000387129,23.0073930786228,-4.285406
113.21000701998,23.0073927263228,-4.284927
113.21001016871,23.0073923740228,-4.284456
113.21001331748,23.0073920217228,-4.283994
113.21001646634,23.0073916694128,-4.283541
113.2100196153,23.0073913170828,-4.283097
113.2100227644,23.0073909647428,-4.282661
113.21002591368,23.0073906123828,-4.282233
113.21002906315,23.0073902600028,-4.281813
113.21003221285,23.0073899075928,-4.281402
113.21003536281,23.0073895551628,-4.280998
113.21003851307,23.0073892026928,-4.280602
113.21004166365,23.0073888501828,-4.280213
113.21004481457,23.0073884976428,-4.279831
113.21004796587,23.0073881450528,-4.279456
113.21005111759,23.0073877924128,-4.279087
113.21005426975,23.0073874397328,-4.278724
113.21005742238,23.0073870870028,-4.278366
113.21006057529,23.0073867342328,-4.278012
113.2100637287,23.0073863814128,-4.277664
113.21006688269,23.0073860285228,-4.277319
113.21007003725,23.0073856755628,-4.276978
113.21007319242,23.0073853225428,-4.276639
113.21007634827,23.0073849694528,-4.276303
113.21007950478,23.0073846162828,-4.275968
113.21008266199,23.0073842630328,-4.275635
113.21008581996,23.0073839096928,-4.275302
113.21008897871,23.0073835562728,-4.27497
113.21009213826,23.0073832027628,-4.274636
113.21009529864,23.0073828491628,-4.274302
113.21009845989,23.0073824954628,-4.273965
113.21010162205,23.0073821416528,-4.273626
113.210104288275,23.0073812215749,-4.273284
113.210107452315,23.0073808675649,-4.272938
113.210110617335,23.0073805134349,-4.272588
113.210113783385,23.0073801591949,-4.272233
113.210116950505,23.0073798048449,-4.271872
113.210120118655,23.0073794503649,-4.271506
113.210123287965,23.0073790957649,-4.271133
113.210126458435,23.0073787410349,-4.270752
113.210129630005,23.0073783861749,-4.270364
113.210132802835,23.0073780311749,-4.269968
113.210135976925,23.0073776760349,-4.269563
113.210139152185,23.0073773207649,-4.269149
113.210142328835,23.0073769653449,-4.268725
113.210145506815,23.007376609765,-4.26829
113.210148686035,23.007376254055,-4.267845
113.210151866765,23.0073758981749,-4.267388
113.210155048935,23.0073755421249,-4.266919
113.210158232395,23.0073751859449,-4.266437
113.210161417485,23.0073748295749,-4.265943
113.210164603915,23.0073744730549,-4.265434
113.210167792055,23.0073741163449,-4.264912
113.210170981795,23.0073737594549,-4.264375
113.210174172915,23.0073734024049,-4.263822
113.210177365875,23.0073730451549,-4.263254
113.210180560265,23.0073726877449,-4.262668
113.210183756595,23.0073723301149,-4.262065
113.210186954655,23.0073719722949,-4.261444
113.210190154095,23.0073716143149,-4.260804
113.210193355605,23.0073712561149,-4.260144
113.210196558625,23.0073708977349,-4.259464
113.210199763825,23.0073705391149,-4.258762
113.210202970885,23.0073701802849,-4.258037
113.210206179525,23.0073698212749,-4.257289
113.210209390435,23.0073694620149,-4.256517
113.210212602945,23.0073691025849,-4.255719
113.210215817845,23.0073687428749,-4.254895
113.210219034775,23.007368382945,-4.254043
113.210222253355,23.0073680228249,-4.253162
113.210225474445,23.0073676624249,-4.252252
113.210228697205,23.007367301835,-4.25131
113.210231922585,23.0073669409549,-4.250337
113.210235150145,23.0073665798349,-4.24933
113.210238379415,23.007366218525,-4.248289
113.210241611435,23.0073658568949,-4.247212
113.210244845195,23.0073654950849,-4.246099
113.210248081805,23.0073651329449,-4.244948
113.210251320175,23.0073647706149,-4.243758
113.210254561495,23.0073644079449,-4.242529
113.210257805215,23.0073640450149,-4.241259
113.210261050725,23.007363681885,-4.239948
113.210264299335,23.0073633184049,-4.238596
113.210267549755,23.007362954725,-4.237201
113.210270803405,23.0073625906749,-4.235763
113.210274059605,23.0073622263549,-4.234282
113.210277317655,23.0073618618149,-4.232758
113.210280579025,23.0073614969049,-4.23119
113.210283842285,23.0073611317849,-4.22958
113.210287108945,23.0073607662949,-4.227926
113.210290377495,23.007360400585,-4.22623
113.210293649575,23.0073600344749,-4.224493
113.210296924455,23.0073596680549,-4.222715
113.210300201215,23.0073593014249,-4.220896
113.210303481655,23.0073589343849,-4.219038
113.210306764025,23.0073585671249,-4.217143
113.210310050245,23.007358199435,-4.215212
113.210313339325,23.0073578314349,-4.213246
113.210316630365,23.0073574632049,-4.211247
113.210319925405,23.0073570945249,-4.209217
113.210323222355,23.0073567256349,-4.207159
113.210326523365,23.0073563562949,-4.205073
113.210329827515,23.0073559866049,-4.202962
113.210333133605,23.0073556166849,-4.20083
113.210336443885,23.007355246305,-4.198677
113.210339756255,23.0073548756949,-4.196507
113.210343072865,23.0073545046049,-4.194321
113.210346392725,23.0073541331549,-4.192123
113.210349714655,23.0073537614649,-4.189914
113.210353041005,23.0073533892849,-4.187698
113.210356369465,23.0073530168749,-4.185476
113.210359702455,23.0073526439449,-4.183251
113.210362580689,23.0073517925992,-4.181025
113.210365919169,23.0073514190692,-4.178801
113.210369262329,23.0073510450092,-4.176581
113.210372607569,23.0073506707092,-4.174367
113.210375957709,23.0073502958692,-4.17216
113.210379311339,23.0073499206392,-4.169963
113.210382667079,23.0073495451692,-4.167776
113.210386027799,23.0073491691492,-4.165603
113.210389392129,23.0073487927192,-4.163444
113.210392758599,23.0073484160492,-4.1613
113.210396130189,23.0073480388092,-4.159172
113.210399503919,23.0073476613192,-4.157061
113.210402882949,23.0073472832492,-4.154968
113.210406265669,23.0073469047592,-4.152893
113.210409650589,23.0073465260292,-4.150837
113.210413040879,23.0073461466892,-4.148801
113.210416435009,23.0073457669292,-4.146783
113.210419585589,23.0073451983938,-4.144785
113.210422987419,23.0073448177638,-4.142805
113.210426393199,23.0073444367038,-4.140844
113.210429801149,23.0073440553838,-4.138901
113.210433214769,23.0073436734438,-4.136976
113.210436632399,23.0073432910438,-4.135067
113.210440052269,23.0073429084038,-4.133174
113.210443477889,23.0073425251138,-4.131296
113.210446907599,23.0073421413738,-4.129432
113.210450341359,23.0073417571738,-4.127581
113.210453777439,23.0073413727138,-4.125742
113.210457219409,23.0073409875938,-4.123913
113.210460665519,23.0073406020138,-4.122094
113.210464114019,23.0073402161638,-4.120282
113.210467568439,23.0073398296538,-4.118478
113.210471027029,23.0073394426738,-4.116679
113.210474489829,23.0073390552238,-4.114885
113.210477955199,23.0073386674838,-4.113094
113.210481426409,23.0073382790938,-4.111304
113.210484901849,23.0073378902338,-4.109515
113.210488381509,23.0073375008938,-4.107725
113.210491865399,23.0073371110938,-4.105933
113.210495352169,23.0073367209538,-4.104138
113.210498844529,23.0073363302038,-4.102339
113.210502341079,23.0073359389738,-4.100534
113.210505841809,23.0073355472838,-4.098724
113.210509346649,23.0073351551238,-4.096906
113.210512855579,23.0073347625138,-4.09508
113.210516368539,23.0073343694538,-4.093246
113.210519885479,23.0073339759438,-4.091402
113.210523411449,23.0073335814238,-4.089548
113.210526942209,23.0073331863738,-4.087683
113.210530477789,23.0073327907738,-4.085807
113.210534018209,23.0073323946438,-4.08392
113.210537563519,23.0073319979638,-4.082021
113.210541113729,23.0073316007338,-4.08011
113.210544668879,23.0073312029438,-4.078187
113.210548228999,23.0073308046038,-4.076252
113.210551794109,23.0073304057038,-4.074305
113.210555364239,23.0073300062438,-4.072346
113.210558939459,23.0073296062138,-4.070376
113.210562519749,23.0073292056238,-4.068396
113.210566105159,23.0073288044538,-4.066405
113.210569695709,23.0073284027038,-4.064404
113.210573291459,23.0073280003838,-4.062394
113.210576892399,23.0073275974738,-4.060375
113.210580498599,23.0073271939738,-4.058349
113.210584110049,23.0073267898938,-4.056317
113.210587726819,23.0073263852138,-4.05428
113.210591348899,23.0073259799338,-4.052238
113.210594976349,23.0073255740638,-4.050193
113.210598609169,23.0073251675838,-4.048147
113.210602247429,23.0073247605038,-4.046101
113.210605891109,23.0073243528138,-4.044057
113.210609540279,23.0073239445038,-4.042016
113.210613194959,23.0073235355838,-4.039979
113.210616855179,23.0073231260438,-4.037949
113.210620520969,23.0073227158838,-4.035928
113.210624192369,23.0073223050838,-4.033916
113.210627869389,23.0073218936638,-4.031916
113.210631552069,23.0073214816138,-4.029929
113.210635240459,23.0073210689138,-4.027959
113.210638934549,23.0073206555838,-4.026006
113.210642634399,23.0073202416138,-4.024073
113.210646340029,23.0073198269838,-4.02216
113.210650051479,23.0073194117138,-4.020271
113.210653768769,23.0073189957838,-4.018407
113.210657491929,23.0073185791938,-4.016569
113.210661220979,23.0073181619538,-4.014759
113.210664955979,23.0073177440438,-4.012979
113.210668696939,23.0073173254638,-4.011231
113.210672443899,23.0073169062138,-4.009515
113.210676196879,23.0073164862938,-4.007834
113.210679955899,23.0073160656938,-4.006187
113.210683721009,23.0073156444238,-4.004576
113.210687492239,23.0073152224538,-4.003002
113.210691269619,23.0073147998038,-4.001466
113.210695053159,23.0073143764638,-3.999967
113.210698842909,23.0073139524238,-3.998507
113.210702638899,23.0073135276838,-3.997084
113.210706441159,23.0073131022538,-3.9957
113.210710249699,23.0073126761138,-3.994353
113.210714064659,23.0073122492538,-3.993044
113.210717885969,23.0073118216838,-3.991771
113.210721713659,23.0073113934038,-3.990533
113.210725547769,23.0073109644038,-3.98933
113.210729388339,23.0073105346838,-3.988159
113.210733235369,23.0073101042338,-3.987019
113.210737088909,23.0073096730538,-3.985908
113.210740948989,23.0073092411538,-3.984825
113.210744815639,23.0073088085038,-3.983767
113.210748688879,23.0073083751238,-3.982732
113.210752568739,23.0073079410038,-3.981717
113.210756455279,23.0073075061438,-3.98072
113.210760348489,23.0073070705238,-3.979737
113.210764248419,23.0073066341638,-3.978767
113.210768155099,23.0073061970338,-3.977805
113.210772068559,23.0073057591538,-3.97685
113.210775988829,23.0073053205138,-3.975898
113.210783258089,23.0073044868438,-3.969399
113.210790247909,23.0073036840938,-3.96315
113.210796969699,23.0073029110338,-3.957141
113.210803434869,23.0073021664238,-3.951361
113.210809654819,23.0073014490138,-3.9458
113.210815640969,23.0073007575738,-3.940447
113.210821404719,23.0073000908638,-3.935294
113.210826957479,23.0072994476238,-3.930329
113.210832310659,23.0072988266338,-3.925543
113.210837475669,23.0072982266538,-3.920924
113.210842463919,23.0072976464338,-3.916029
113.210847286809,23.0072970847338,-3.911295
113.210851955759,23.0072965403138,-3.906713
113.210856482169,23.0072960119338,-3.90227
113.210860877449,23.0072954983538,-3.897956
113.210865153009,23.0072949983338,-3.89376
113.210869320259,23.0072945106438,-3.889669
113.210873390609,23.0072940340238,-3.885674
113.210877375469,23.0072935672338,-3.881763
113.210881286229,23.0072931090538,-3.877924
113.210885134329,23.0072926582238,-3.875567
113.210888931149,23.0072922135138,-3.87324
113.210892688109,23.0072917736838,-3.870939
113.210896416619,23.0072913374838,-3.868654
113.210900128089,23.0072909036738,-3.866381
113.210903203562,23.0072897915493,-3.86411
113.210906915172,23.0072893588093,-3.861836
113.210910643962,23.0072889247493,-3.859552
113.210914401352,23.0072884881193,-3.85725
113.210918198732,23.0072880476793,-3.854924
113.210922047532,23.0072876021893,-3.851227
113.210925959142,23.0072871504093,-3.847469
113.210929944972,23.0072866910993,-3.84364
113.210934016452,23.0072862230193,-3.839729
113.210938184962,23.0072857449293,-3.835724
113.210942461932,23.0072852555893,-3.831616
113.210946858752,23.0072847537593,-3.827393
113.210951386852,23.0072842381893,-3.823044
113.210956057622,23.0072837076493,-3.818558
113.210960882482,23.0072831608893,-3.813924
113.210965872842,23.0072825966793,-3.808531
113.210971040092,23.0072820137793,-3.802948
113.210976395662,23.0072814109393,-3.797161
113.210981950952,23.0072807869193,-3.791158
113.210987717372,23.0072801404893,-3.784928
113.210993706322,23.0072794703993,-3.778457
113.210999929222,23.0072787754093,-3.771733
113.211006397482,23.0072780542793,-3.764745
113.211013122502,23.0072773057693,-3.757479
113.211020115692,23.0072765286393,-3.749924
113.211027388462,23.0072757216493,-3.678317
113.211047524192,23.0072734889793,-3.659393
113.211055505622,23.0072726039893,-3.649225
113.211064052472,23.0072716563093,-3.638337
113.211073115572,23.0072706513793,-3.626791
113.211082645752,23.0072695946593,-3.614649
113.211092593862,23.0072684915993,-3.601976
113.211102910712,23.0072673476593,-3.588833
113.211113547162,23.0072661682793,-3.575282
113.211124454012,23.0072649589093,-3.561387
113.211135582122,23.0072637250093,-3.547211
113.211146882322,23.0072624720193,-3.532815
113.211158305432,23.0072612054093,-3.518262
113.211169802292,23.0072599306193,-3.503615
113.211181323732,23.0072586530993,-3.488938
113.211192820592,23.0072573782993,-3.474291
113.211204243702,23.0072561116893,-3.459738
113.211215543902,23.0072548586993,-3.445342
113.211226672012,23.0072536247893,-3.431166
113.211237578862,23.0072524154093,-3.417271
113.211248215302,23.0072512360193,-3.40372
113.211258295973,23.0072499544451,-3.390577
113.211268244073,23.0072488513751,-3.377904
113.211277774253,23.0072477946451,-3.365762
113.211286837353,23.0072467897051,-3.354216
113.211295384193,23.0072458420051,-3.343328
113.211303365623,23.0072449570051,-3.33316
113.211313423497,23.00724337874,-3.316952
113.211322777967,23.00724233735,-3.300776
113.211331222887,23.0072413943,-3.284667
113.211338879497,23.00724053637,-3.268653
113.211345869077,23.00723975033,-3.252764
113.211352312877,23.00723902293,-3.237023
113.211358332147,23.00723834096,-3.221452
113.211364048157,23.00723769117,-3.206066
113.211369582167,23.00723706033,-3.190875
113.211375055427,23.00723643522,-3.175886
113.211380589207,23.0072358026,-3.161098
113.211386304747,23.00723514923,-3.146506
113.211392323327,23.00723446188,-3.132099
113.211398766187,23.00723372732,-3.117861
113.211405754597,23.00723293233,-3.103772
113.211413409817,23.00723206365,-3.089807
113.211421853097,23.00723110807,-3.075938
113.211431205697,23.00723005235,-3.062135
113.211441588887,23.00722888326,-3.048365
113.211459890547,23.00722682505,-3.019586
113.211487875397,23.00722367244,-2.969177
113.211516791727,23.00722040199,-2.917438
113.211545544037,23.00721712815,-2.866096
113.211575132437,23.00721372061,-2.823668
113.211605889547,23.00721003725,-2.90408
113.211620442727,23.00720839172,-2.871155
113.211633255397,23.00720690309,-2.850505
113.211644418906,23.0072051546196,-2.831863
113.211654910556,23.0072039626696,-2.814959
113.211664490506,23.0072028881596,-2.799528
113.211673324616,23.0072019105296,-2.7853
113.211681578756,23.0072010091896,-2.772009
113.211689418796,23.0072001635396,-2.759387
113.211697010596,23.0071993530096,-2.747167
113.211704520036,23.0071985569996,-2.73508
113.211712112986,23.0071977549396,-2.725348
113.211719955296,23.0071969262196,-2.715296
113.211728212846,23.0071960502796,-2.704711
113.211737051496,23.0071951065196,-2.69338
113.211746637126,23.0071940743496,-2.68109
113.211757135596,23.0071929331896,-2.667628
113.211768712786,23.0071916624496,-2.652782
113.211781534546,23.0071902415396,-2.636336
113.211795766746,23.0071886498896,-2.61808
113.211803586336,23.0071877716396,-2.607619
113.211811815746,23.0071868473596,-2.59661
113.211820430126,23.0071858798296,-2.585086
113.211829404646,23.0071848718596,-2.57308
113.211838714476,23.0071838262296,-2.560626
113.211848334766,23.0071827457296,-2.547756
113.211858240686,23.0071816331496,-2.534504
113.211868407396,23.0071804912796,-2.520903
113.211878810056,23.0071793228996,-2.506987
113.211889423836,23.0071781308196,-2.492788
113.211899871966,23.0071765553183,-2.47834
113.211910833466,23.0071753241783,-2.463676
113.211921931576,23.0071740776883,-2.448829
113.211933141446,23.0071728186483,-2.433833
113.211944438256,23.0071715498383,-2.418721
113.211955797146,23.0071702740683,-2.403525
113.211967193306,23.0071689940983,-2.38828
113.211978601876,23.0071677127383,-2.373017
113.211989998026,23.0071664327683,-2.357772
113.212001356916,23.0071651569883,-2.342576
113.212012653716,23.0071638881783,-2.327464
113.212023863596,23.0071626291283,-2.312468
113.212034961696,23.0071613826383,-2.297621
113.212045923196,23.0071601514883,-2.282957
113.212056723256,23.0071589384683,-2.268509
113.212067337026,23.0071577463683,-2.25431
113.212077739686,23.0071565779783,-2.240394
113.212087906396,23.0071554360883,-2.226793
113.212097812316,23.0071543234983,-2.213541
113.212107432596,23.0071532429783,-2.200671
113.212116742426,23.0071521973283,-2.188217
113.212125716946,23.0071511893483,-2.176211
113.212134331316,23.0071502218083,-2.164687
113.212142560726,23.0071492975083,-2.153678
113.212150380306,23.0071484192383,-2.143217
113.212160870236,23.0071472357083,-2.135169
113.212170319646,23.0071461590783,-2.127919
113.212178850816,23.0071451766883,-2.121372
113.212186586056,23.0071442758783,-2.115435
113.212193647636,23.0071434439883,-2.110014
113.212200157856,23.0071426683383,-2.105015
113.212206238996,23.0071419362683,-2.100345
113.212212013346,23.0071412351183,-2.09591
113.212217603186,23.0071405522183,-2.091617
113.212223130826,23.0071398749083,-2.087371
113.212228718536,23.0071391905283,-2.089696
113.212234488596,23.0071384863983,-2.092097
113.212240563316,23.0071377498583,-2.094624
113.212247064976,23.0071369682583,-2.097329
113.212254115866,23.0071361289183,-2.100261
113.212261838256,23.0071352191783,-2.103473
113.212270354456,23.0071342263683,-2.107014
113.212279786746,23.0071331378283,-2.110935
113.212290257416,23.0071319408983,-2.115287
113.212297887216,23.0071309453283,-2.113487
113.212305608836,23.0071299450883,-2.111699
113.212313420556,23.0071289394783,-2.109924
113.212321320256,23.0071279280183,-2.108164
113.212329307296,23.0071269100283,-2.10642
113.212337379686,23.0071258850883,-2.104692
113.212345535856,23.0071248527883,-2.102983
113.212353774296,23.0071238127683,-2.101293
113.212362093516,23.0071227646983,-2.099624
113.212370492046,23.0071217082983,-2.097977
113.212378968436,23.0071206432883,-2.096353
113.212387521186,23.0071195694483,-2.094754
113.212396149086,23.0071184864683,-2.09318
113.212404850546,23.0071173941483,-2.091634
113.212413624176,23.0071162922883,-2.090116
113.212422468896,23.0071151806383,-2.088628
113.212431382736,23.0071140589783,-2.08717
113.212440364516,23.0071129271583,-2.085745
113.212449412866,23.0071117849883,-2.084353
113.212458526396,23.0071106322883,-2.082995
113.212467704596,23.0071094685983,-2.081674
113.212476944426,23.0071082939983,-2.080389
113.212486245276,23.0071071082583,-2.079143
113.212495605796,23.0071059111783,-2.077937
113.212505025856,23.0071047022083,-2.076771
113.212514501616,23.0071034814383,-2.075648
113.212524032916,23.0071022486383,-2.074568
113.212533618386,23.0071010035683,-2.073533
113.212543258176,23.0070997456983,-2.072544
113.212552947866,23.0070984748683,-2.071602
113.212562687586,23.0070971909383,-2.070709
113.212572475976,23.0070958935983,-2.069865
113.212582311646,23.0070945825483,-2.069073
113.212590813163,23.0070919664655,-2.068332
113.212600739223,23.0070906263655,-2.067646
113.212610708413,23.0070892713955,-2.067014
113.212620719343,23.0070879011255,-2.066438
113.212630770623,23.0070865150855,-2.065919
113.212640860853,23.0070851127655,-2.065459
113.212650990223,23.0070836931755,-2.065059
113.212661154003,23.0070822561755,-2.064719
113.212671352453,23.0070808011355,-2.064443
113.212681584163,23.0070793273355,-2.064229
113.212691847683,23.0070778340255,-2.064081
113.212701993028,23.007076129716,-2.063999
113.212712315738,23.007074594806,-2.063984
113.212722665778,23.007073037636,-2.064038
113.212733041648,23.007071457106,-2.064162
113.212743441778,23.007069851996,-2.064357
113.212753864568,23.007068220986,-2.064624
113.212764308378,23.007066562586,-2.064965
113.212774771538,23.007064875156,-2.065381
113.212785111487,23.0070629554815,-2.065873
113.212795608317,23.0070612042815,-2.066443
113.212806118637,23.0070594164815,-2.067091
113.212816640737,23.0070575906015,-2.06782
113.212827172457,23.0070557237215,-2.06863
113.212837712237,23.0070538111515,-2.069522
113.212848299307,23.0070520765015,-2.070498
113.212858894817,23.0070503081915,-2.071559
113.212869494777,23.0070485089015,-2.072706
113.212880097737,23.0070466797715,-2.073941
113.212890701727,23.0070448226015,-2.075265
113.212901314827,23.0070429375315,-2.076678
113.212911931317,23.0070410256815,-2.078183
113.212922546477,23.0070390894915,-2.079781
113.212933162867,23.0070371289015,-2.081473
113.212943775037,23.0070351452215,-2.083259
113.212954383897,23.0070331396615,-2.085142
113.212964990397,23.0070311117115,-2.087123
113.212975545963,23.0070290022246,-2.089203
113.212986083835,23.0070268281658,-2.091382
113.212996666315,23.0070247397958,-2.093663
113.213007241615,23.0070226312758,-2.096047
113.213017803055,23.0070205043158,-2.098535
113.213028352065,23.0070183591858,-2.101128
113.213038887335,23.0070161962658,-2.103827
113.213049407535,23.0070140159558,-2.106635
113.213059911345,23.0070118185958,-2.109551
113.213070397435,23.0070096045558,-2.112577
113.213080867755,23.0070073733958,-2.115715
113.213091314425,23.0070051266458,-2.118965
113.213101739395,23.0070028642158,-2.12233
113.213112141325,23.0070005864158,-2.12581
113.213122518885,23.0069982935158,-2.129406
113.213132870735,23.0069959857958,-2.133121
113.213143195525,23.0069936635158,-2.136954
113.213153491905,23.0069913269358,-2.140908
113.213163758535,23.0069889762958,-2.144983
113.213173994065,23.0069866118358,-2.149181
113.213184197115,23.0069842337858,-2.153503
113.213194366375,23.0069818423758,-2.15795
113.213204500455,23.0069794378258,-2.162525
113.213214593745,23.0069770210858,-2.167227
113.213224653205,23.0069745904958,-2.172058
113.213226143731,23.0069742270672,-2.17279596021273
113.213226143735,23.0069742270658,-2.172796
113.213234673395,23.0069721473158,-2.177019
113.213244652925,23.0069696917358,-2.182112
113.213254590425,23.0069672239358,-2.187339
113.213264447836,23.0069646702579,-2.192699
113.213274297136,23.0069621785679,-2.198195
113.213284100276,23.0069596751879,-2.203827
113.213293855836,23.0069571602679,-2.209597
113.213303562456,23.0069546339679,-2.215507
113.213313213966,23.0069520974679,-2.221557
113.213322818176,23.0069495480179,-2.227749
113.213332254791,23.0069468733726,-2.234084
113.213341751191,23.0069443020526,-2.240563
113.213351191581,23.0069417199826,-2.247188
113.213360574511,23.0069391272926,-2.253959
113.213369898561,23.0069365240926,-2.260879
113.213379157561,23.0069339116926,-2.267947
113.213388359141,23.0069312866026,-2.275167
113.213397497451,23.0069286512426,-2.282538
113.213406571041,23.0069260056926,-2.290062
113.213415578431,23.0069233500226,-2.297741
113.213424518101,23.0069206843226,-2.305575
113.213433388571,23.0069180086426,-2.313566
113.213442183831,23.0069153230826,-2.321715
113.213450718735,23.0069124176184,-2.330024
113.213459372005,23.0069097106884,-2.338493
113.213467949875,23.0069069938784,-2.347124
113.213476450775,23.0069042672184,-2.355918
113.213484873075,23.0069015306984,-2.364877
113.213493212025,23.0068987836484,-2.374002
113.213501471885,23.0068960255484,-2.383293
113.213509648185,23.0068932574784,-2.392752
113.213517739175,23.0068904794084,-2.402382
113.213525743105,23.0068876912984,-2.412181
113.213533658185,23.0068848930884,-2.422153
113.213541476645,23.0068821794284,-2.436915
113.213549966325,23.0068792328084,-2.452944
113.213559052645,23.0068760790984,-2.4701
113.213568661025,23.0068727441884,-2.488241
113.213578716885,23.0068692539684,-2.507227
113.213589145645,23.0068656343184,-2.526917
113.213599872715,23.0068619111284,-2.547171
113.213610823535,23.0068581102784,-2.567847
113.213621923505,23.0068542576584,-2.588805
113.213633098055,23.0068503791484,-2.609903
113.213644272615,23.0068465006384,-2.631001
113.213655372585,23.0068426480184,-2.651959
113.213666323395,23.0068388471684,-2.672635
113.213677050465,23.0068351239684,-2.692888
113.213687227223,23.0068311623108,-2.712579
113.213697283073,23.0068276720808,-2.731565
113.213706891443,23.0068243371608,-2.749706
113.213715977753,23.0068211834408,-2.766862
113.213724467433,23.0068182368108,-2.782891
113.213732285883,23.0068155231408,-2.797653
113.213758914373,23.0068050794608,-2.855664
113.21378544577,23.0067942092935,-2.909431
113.21381270503,23.0067835182035,-2.948893
113.21383016706,23.0067766695935,-2.967153
113.2138566715,23.0067658618435,-2.994807
113.21388321549,23.0067551364935,-2.977574
113.21390979651,23.0067444852735,-2.957592
113.21393644049,23.0067339694235,-2.969076
113.21396308454,23.0067234445635,-2.981269
113.21398980263,23.0067130744135,-2.999981
113.21401659877,23.0067028283035,-3.021606
113.21403448336,23.0066960674735,-3.034108
113.21405238572,23.0066893664035,-3.04481
113.21407032103,23.0066827382335,-3.057325
113.21408832652,23.0066762732235,-3.073156
113.21410641214,23.0066700015835,-3.087477
113.2141246223,23.0066640585435,-3.10008
113.21414282935,23.0066580882435,-3.11277
113.214161430722,23.0066512175618,-3.144848
113.214179678612,23.0066455070618,-3.155051
113.214198056552,23.0066399672718,-3.163134
113.214216497282,23.0066346541318,-3.171204
113.214235005362,23.0066296008418,-3.178026
113.214253525692,23.0066246499518,-3.184258
113.214272151922,23.0066200845618,-3.188215
113.214283322602,23.0066175121118,-3.188323
113.214292715412,23.0066154550418,-3.189679
113.214302144682,23.0066135417418,-3.19355
113.214311591242,23.0066117054818,-3.198531
113.214321054472,23.0066099488918,-3.202297
113.214330537742,23.0066082763518,-3.204807
113.214340023922,23.0066066325118,-3.206981
113.214349529272,23.0066050832218,-3.209034
113.214359053532,23.0066036381418,-3.211317
113.214368601502,23.0066023189318,-3.214023
113.214378168482,23.0066011502518,-3.216562
113.214387725272,23.0065999015518,-3.209682
113.214397288812,23.0065986992418,-3.211189
113.214406867682,23.0065976239018,-3.216919
113.214416456302,23.0065966945718,-3.222358
113.214426050792,23.0065958900318,-3.228218
113.214435649932,23.0065952030018,-3.234816
113.214445256562,23.0065946269718,-3.242385
113.214454667564,23.0065938166733,-3.248605
113.214464275874,23.0065933174133,-3.254399
113.214473902464,23.0065929504733,-3.259605
113.214483534444,23.0065926426633,-3.264718
113.214493192464,23.0065924332733,-3.272648
113.214502841844,23.0065923295333,-3.280672
113.214512498064,23.0065923320833,-3.286328
113.214522152184,23.0065924456033,-3.294828
113.214531683385,23.0065925069586,-3.302753
113.214541328615,23.0065928453786,-3.308529
113.214550964965,23.0065933020086,-3.314578
113.214560600565,23.0065938744886,-3.320607
113.214570217915,23.0065945782886,-3.325705
113.214579806465,23.0065954047186,-3.331295
113.214589389135,23.0065962572386,-3.335618
113.214598980105,23.0065971298986,-3.339542
113.214608563465,23.0065980042986,-3.342173
113.214618132055,23.0065989897586,-3.344157
113.214627677545,23.0066000694986,-3.347635
113.214637142966,23.0066011560125,-3.350685
113.214646653106,23.0066023882925,-3.356994
113.214656154866,23.0066036850625,-3.363903
113.214665646646,23.0066050450725,-3.372233
113.214675127216,23.0066064621425,-3.38111
113.214684598836,23.0066079363925,-3.3955
113.214694095836,23.0066094677825,-3.409581
113.214703458271,23.0066109214238,-3.422269
113.214712938551,23.0066125629638,-3.434734
113.214722377971,23.0066143452838,-3.446868
113.214731808641,23.0066162110238,-3.458881
113.214741218901,23.0066181555938,-3.487807
113.214750611481,23.0066201841538,-3.485798
113.214760001141,23.0066222276138,-3.49366
113.214769390431,23.0066242804738,-3.503395
113.214778775061,23.0066263408038,-3.513966
113.214788157991,23.0066284072938,-3.524886
113.214797545231,23.0066304467438,-3.537041
113.214806925271,23.0066325094338,-3.549192
113.214816291541,23.0066346136538,-3.560636
113.214825644791,23.0066367519238,-3.571829
113.214834982651,23.0066389165938,-3.582344
113.214844338681,23.0066411109538,-3.593268
113.214872387951,23.0066478030438,-3.668704
113.214900121294,23.0066542338066,-3.699156
113.214928268204,23.0066611040266,-3.728966
113.214956444364,23.0066684164866,-3.752365
113.214984622724,23.0066756387466,-3.768205
113.215012649954,23.0066827121066,-3.780458
113.215040446284,23.0066892608666,-3.783593
113.215068316974,23.0066954629966,-3.787859
113.215095847784,23.0067012537266,-3.792954
113.215122657839,23.0067064445057,-3.799756
113.215132092949,23.0067082183257,-3.801516
113.215140785019,23.0067098220557,-3.803198
113.215150230269,23.0067114904357,-3.805698
113.215158821279,23.0067129533757,-3.808189
113.215181983079,23.0067166303857,-3.784659
113.215191210239,23.0067180852257,-3.817618
113.215200606239,23.0067194645257,-3.816602
113.215210969669,23.0067208999057,-3.82165
113.215220305359,23.0067220184957,-3.82437
113.215230954739,23.0067231308357,-3.829035
113.215239898599,23.0067239537757,-3.832537
113.215250151969,23.0067247753757,-3.837571
113.215259319499,23.0067254122757,-3.842542
113.215269531709,23.0067260158057,-3.845081
113.215278819779,23.0067264792057,-3.850458
113.215288998719,23.0067268911057,-3.855394
113.215297821799,23.0067271719657,-3.861243
113.215307985159,23.0067274043557,-3.868101
113.215317412319,23.0067275398357,-3.872726
113.215327127191,23.0067271713003,-3.879654
113.215336225401,23.0067271435703,-3.882424
113.215346347101,23.0067270190503,-3.884278
113.215355443941,23.0067268256103,-3.885888
113.215365554141,23.0067265145803,-3.88723
113.215374462611,23.0067261554003,-3.887703
113.215384562411,23.0067256573603,-3.886777
113.215394206511,23.0067250894203,-3.884983
113.215404259061,23.0067243427203,-3.883856
113.215413428511,23.0067235720403,-3.882821
113.215423423771,23.0067224997503,-3.881874
113.215432642961,23.0067213463103,-3.88129
113.215442553111,23.0067199533803,-3.88086
113.215451676091,23.0067185494303,-3.881307
113.215461501721,23.0067169162303,-3.882126
113.215470600591,23.0067153018303,-3.881253
113.215480465011,23.0067134412103,-3.878795
113.215489796011,23.0067115800803,-3.878759
113.215499253971,23.0067095798103,-3.88133
113.215508417661,23.0067075345403,-3.883013
113.215517839631,23.0067053018703,-3.869694
113.215527110021,23.0067030359703,-3.874576
113.215536412271,23.0067006441803,-3.87555
113.215545682891,23.0066981489103,-3.866133
113.215554924181,23.0066955594403,-3.864511
113.215564140111,23.0066928954603,-3.862205
113.215573328731,23.0066901508303,-3.857422
113.215582482561,23.0066873138703,-3.856652
113.215591602511,23.0066843842503,-3.855004
113.215600685011,23.0066813635603,-3.853039
113.215609730311,23.0066782491603,-3.850675
113.215618740061,23.0066750536003,-3.848237
113.215627711201,23.0066717665703,-3.846528
113.215636239126,23.0066679317154,-3.845814
113.215645060086,23.0066643036154,-3.846096
113.215653776583,23.0066604714043,-3.84558
113.215662476893,23.0066566028943,-3.843929
113.215671116203,23.0066526209943,-3.840992
113.215679684053,23.0066485082643,-3.836629
113.215688191273,23.0066442902443,-3.830555
113.215696640083,23.0066399693243,-3.82325
113.215705035583,23.0066355598943,-3.816296
113.215713340043,23.0066310033243,-3.810831
113.215721562773,23.0066263193743,-3.806951
113.215729824553,23.0066216947343,-3.803377
113.215738049263,23.0066170155243,-3.799917
113.215746199493,23.0066122108243,-3.797042
113.215754314453,23.0066073620543,-3.794064
113.215762407043,23.0066024793543,-3.790487
113.215770388563,23.0065974352943,-3.787843
113.215779652493,23.0065913936143,-3.781124
113.215787432093,23.0065860646543,-3.792232
113.215795109823,23.0065806575743,-3.79361
113.215802712103,23.0065751538343,-3.789968
113.215810150122,23.0065694317542,-3.786335
113.215817879752,23.0065636169742,-3.782436
113.215825018452,23.0065581446142,-3.780012
113.215832341872,23.0065524422842,-3.777059
113.215839678262,23.0065466286942,-3.773906
113.215846965572,23.0065407617242,-3.770281
113.215854092652,23.0065347337942,-3.767075
113.215861415792,23.0065285122542,-3.744622
113.215868806262,23.0065221837142,-3.736168
113.215874946212,23.0065168826742,-3.732303
113.215881976762,23.0065107577742,-3.728492
113.215888971452,23.0065045997242,-3.724224
113.215895927122,23.0064983956042,-3.718298
113.215903036844,23.0064917605389,-3.713751
113.215910073985,23.0064851048689,-3.70981
113.215916015245,23.0064793765789,-3.708119
113.215922706914,23.0064729338389,-3.707267
113.215929276065,23.0064663839989,-3.708803
113.215935851404,23.0064598378289,-3.711867
113.215942621304,23.0064529715889,-3.711613
113.215949023504,23.0064463284589,-3.713103
113.215955358765,23.0064395843389,-3.71656
113.215961690674,23.0064328374189,-3.71911
113.215967987204,23.0064260646389,-3.723499
113.215974157975,23.0064191901589,-3.72755
113.215980203185,23.0064122205389,-3.734075
113.215986236084,23.0064052415889,-3.736913
113.215992194924,23.0063982082389,-3.741673
113.215999081435,23.0063898731789,-3.744255
113.216004924245,23.0063827763089,-3.744576
113.216010638095,23.0063755884489,-3.745309
113.216016273444,23.0063683463489,-3.745415
113.216021854915,23.0063610681989,-3.745547
113.216027404044,23.0063537679989,-3.748325
113.216032948454,23.0063464650389,-3.751007
113.216038414645,23.0063391104789,-3.751378
113.216043834904,23.0063317265189,-3.753122
113.216049262214,23.0063243469789,-3.751642
113.216054598285,23.0063169096089,-3.751609
113.216059900334,23.0063094508189,-3.75215
113.21606482553,23.006301504161,-3.754108
113.21607004633,23.006293995871,-3.755376
113.21607523014,23.006286464761,-3.75563
113.21608040109,23.006278926511,-3.758553
113.21608550393,23.006271347051,-3.756133
113.21609059216,23.006263755431,-3.755884
113.21609566353,23.006256157081,-3.755633
113.21610575963,23.006240932881,-3.752492
113.21611564105,23.006225582231,-3.746034
113.2161253791,23.006210153841,-3.737735
113.21613479166,23.006194561051,-3.72667
113.21614399616,23.006178868731,-3.718159
113.21615302659,23.006163088371,-3.709324
113.21616186719,23.006147212191,-3.701518
113.21617058834,23.006131272191,-3.690254
113.21617925825,23.006115311611,-3.67485
113.21618784204,23.006099310831,-3.654768
113.21619635239,23.006083273141,-3.6341
113.216204643643,23.0060670202251,-3.6107
113.216213020313,23.0060509218151,-3.5848
113.216221401813,23.0060348275151,-3.557208
113.216229699463,23.0060186915751,-3.528854
113.216241946576,23.0059943867937,-3.483816
113.216254092976,23.0059700529437,-3.43514
113.216266224986,23.0059457105737,-3.393032
113.216278315396,23.0059213424837,-3.356503
113.216290324969,23.0058963065146,-3.353991
113.216302207389,23.0058723345346,-3.325984
113.216314315169,23.0058479697846,-3.317954
113.216326421489,23.0058236079846,-3.307912
113.216338545479,23.0057992512946,-3.298383
113.216350638429,23.0057748803746,-3.287015
113.216358693059,23.0057586288146,-3.274966
113.216366747189,23.0057423782646,-3.259307
113.216374801729,23.0057261268746,-3.250255
113.216382856219,23.0057098755946,-3.242234
113.216390910989,23.0056936237246,-3.235765
113.216398963999,23.0056773754146,-3.230782
113.216407020409,23.0056611202346,-3.22822
113.216415077889,23.0056448628946,-3.228225
113.216423132869,23.0056286105946,-3.228757
113.216431185009,23.0056123640246,-3.235155
113.216435208169,23.0056042465946,-3.238889
113.216439235089,23.0055961216146,-3.242427
113.216443261999,23.0055879966146,-3.247438
113.216446838857,23.005579348836,-3.253749
113.216450863157,23.005571229106,-3.260247
113.216455242797,23.005562392416,-3.299656
113.216458923207,23.005554975886,-3.271951
113.216462954297,23.005546852726,-3.277743
113.216466984917,23.005538730496,-3.283812
113.216471016007,23.005530607326,-3.289065
113.216475052487,23.005522473276,-3.29412
113.216479083617,23.005514350016,-3.300662
113.216483111007,23.005506234296,-3.306991
113.216487141987,23.005498111316,-3.313795
113.216491174497,23.005489985266,-3.320354
113.216495205547,23.005481862176,-3.327463
113.216499233717,23.005473744856,-3.335496
113.216503264827,23.005465621636,-3.34137
113.216507302847,23.005457484466,-3.347635
113.216511334117,23.005449360926,-3.351234
113.216515360347,23.005441247536,-3.354677
113.216519391517,23.005433124186,-3.357736
113.216523422487,23.005425001226,-3.35923
113.216527453637,23.005416877906,-3.361463
113.216531328214,23.0054084583398,-3.361995
113.216535359374,23.0054003349998,-3.362657
113.216539394644,23.0053922033798,-3.363672
113.216543425864,23.0053840799198,-3.365556
113.216547460404,23.0053759497598,-3.368578
113.216551491684,23.0053678261898,-3.371849
113.216555525094,23.0053596982998,-3.375369
113.216559556394,23.0053515746798,-3.379212
113.216563588664,23.0053434490998,-3.3836
113.216567619964,23.0053353254698,-3.388128
113.216571645184,23.0053272140898,-3.392803
113.216575670434,23.0053191026598,-3.397614
113.216579701584,23.0053109793098,-3.401368
113.216583726294,23.0053028689598,-3.405228
113.216587720234,23.0052947302398,-3.410203
113.216591705464,23.0052866092798,-3.415096
113.216595699244,23.0052784708898,-3.421243
113.216602495054,23.0052646225998,-3.448653
113.216608681344,23.0052520163798,-3.466653
113.216615187864,23.0052387575898,-3.476653
113.216619890894,23.0052291738898,-3.485653
113.216621254584,23.0052267106598,-3.488347
113.216622631304,23.0052242168498,-3.491072
113.216624021204,23.0052216919998,-3.493829
113.216625424464,23.0052191356498,-3.49662
113.216626841234,23.0052165473698,-3.499444
113.216628271694,23.0052139266898,-3.502301
113.216629715984,23.0052112731598,-3.505192
113.216631174294,23.0052085863298,-3.508118
113.216632646764,23.0052058657498,-3.51108
113.216634133574,23.0052031109598,-3.514076
113.216635634884,23.0052003215198,-3.51455
113.216637150864,23.0051974969698,-3.515029
113.216638681654,23.0051946368598,-3.515514
113.216640227444,23.0051917407398,-3.516005
113.216641788384,23.0051888081398,-3.516501
113.216643364644,23.0051858386398,-3.517004
113.216644956374,23.0051828317598,-3.517513
113.216646563764,23.0051797870598,-3.518028
113.216648186954,23.0051767040798,-3.518549
113.216649826114,23.0051735823798,-3.519076
113.216651481414,23.0051704214998,-3.518697
113.216653153004,23.0051672209798,-3.518314
113.216654841064,23.0051639803898,-3.517926
113.216656545754,23.0051606992498,-3.517533
113.216658267234,23.0051573771298,-3.517136
113.216660005664,23.0051540135698,-3.516734
113.216661761214,23.0051506081098,-3.516327
113.216663534044,23.0051471603098,-3.515915
113.216665324314,23.0051436697098,-3.515498
113.216667132194,23.0051401358598,-3.515076
113.216668957854,23.0051365583098,-3.513939
113.216670801444,23.0051329366098,-3.512788
113.216672663134,23.0051292702998,-3.511623
113.216674543094,23.0051255589298,-3.510444
113.216676441474,23.0051218020498,-3.509252
113.216678700338,23.0051182502143,-3.508046
113.216680636058,23.0051144009543,-3.506825
113.216682590708,23.0051105048343,-3.50559
113.216684564438,23.0051065613843,-3.50434
113.216686557418,23.0051025701643,-3.503076
113.216688569798,23.0050985307143,-3.50412
113.216690231413,23.0050940351618,-3.505176
113.216692283103,23.0050898979118,-3.506245
113.216694354703,23.0050857110818,-3.507325
113.216696446353,23.0050814742118,-3.508419
113.216698558243,23.0050771868618,-3.509525
113.216700690523,23.0050728485718,-3.510643
113.216702843353,23.0050684588818,-3.511775
113.216705016913,23.0050640173618,-3.512919
113.216707211343,23.0050595235418,-3.514076
113.216709426823,23.0050549769718,-3.514932
113.216711663523,23.0050503772018,-3.515797
113.216713921583,23.0050457237818,-3.516672
113.216716201193,23.0050410162618,-3.517556
113.216718502493,23.0050362541818,-3.518451
113.216720825663,23.0050314370918,-3.519356
113.216723170863,23.0050265645418,-3.52027
113.216725538253,23.0050216360818,-3.521195
113.216727928003,23.0050166512518,-3.522131
113.216730340263,23.0050116096018,-3.523076
113.216732775213,23.0050065106818,-3.524694
113.216735233013,23.0050013540418,-3.52633
113.216737713813,23.0049961392318,-3.527984
113.216740217803,23.0049908657918,-3.529657
113.216742745123,23.0049855332718,-3.531347
113.216745295943,23.0049801412118,-3.533055
113.216747870433,23.0049746891818,-3.534783
113.216750468743,23.0049691767018,-3.536528
113.216753091053,23.0049636033418,-3.538293
113.216755737523,23.0049579686418,-3.540076
113.216758408303,23.0049522721518,-3.540934
113.216761103583,23.0049465134118,-3.541802
113.216763823493,23.0049406919718,-3.542678
113.216766568223,23.0049348073818,-3.543564
113.216769337933,23.0049288591918,-3.544459
113.216772132773,23.0049228469518,-3.545363
113.216774952923,23.0049167702018,-3.546277
113.216777798533,23.0049106284918,-3.547201
113.216780669773,23.0049044213718,-3.548134
113.216783566813,23.0048981483918,-3.549076
113.216786489803,23.0048918090918,-3.546066
113.216798548423,23.0048670766718,-3.54432
113.216810741443,23.0048423576118,-3.542509
113.216822925413,23.0048176550918,-3.540593
113.216835171323,23.0047928255718,-3.538542
113.216847013563,23.0047688137918,-3.536283
113.216859210133,23.0047441187918,-3.533649
113.216870315491,23.0047206731354,-3.530406
113.216882593511,23.0046958584954,-3.526308
113.216894823481,23.0046711406453,-3.521226
113.216907052001,23.0046464254654,-3.515166
113.216918834331,23.0046226078354,-3.508295
113.216931039578,23.0045984089805,-3.50084
113.216943221568,23.0045737886105,-3.493002
113.216955456428,23.0045490615505,-3.484928
113.216967666928,23.0045243839505,-3.476722
113.216979437378,23.0045005907005,-3.468467
113.216991372408,23.0044762518505,-3.460257
113.217003597258,23.0044515993705,-3.452188
113.217015386399,23.0044264770306,-3.444371
113.217027557249,23.0044019346306,-3.436874
113.217039337439,23.0043781750606,-3.429701
113.217051236809,23.0043539294606,-3.422819
113.217063420289,23.0043293141506,-3.416172
113.217075565959,23.0043047762306,-3.409737
113.217087738569,23.0042801850106,-3.403506
113.217099389419,23.0042566472506,-3.397536
113.217111444269,23.0042321853206,-3.391854
113.217123652834,23.0042073512246,-3.386438
113.217131815934,23.0041908539846,-3.381268
113.217139994014,23.0041743273446,-3.376171
113.217148147494,23.0041578512546,-3.371003
113.217159928464,23.0041340442646,-3.365566
113.217172004734,23.0041095269846,-3.35978
113.217184190394,23.0040848694946,-3.353633
113.217196536854,23.0040598866046,-3.347091
113.217208768414,23.0040351362346,-3.34023
113.217220837664,23.0040107152646,-3.3331
113.217232744504,23.0039866436946,-3.325823
113.217245115264,23.0039616302946,-3.318443
113.217257384054,23.0039368195346,-3.311054
113.217269730234,23.0039118491546,-3.303611
113.217281961434,23.0038871085246,-3.296059
113.217294108584,23.0038625354346,-3.288283
113.217306299264,23.0038378720246,-3.280157
113.217318481004,23.0038132246246,-3.271649
113.217330110832,23.0037877641054,-3.2628
113.217342250222,23.0037631987754,-3.253722
113.217354311142,23.0037387906754,-3.244584
113.217366438042,23.0037142475454,-3.235299
113.217374482552,23.0036979658254,-3.226445
113.217382508652,23.0036817208054,-3.217911
113.217390567062,23.0036654098354,-3.209745
113.217398538732,23.0036492738954,-3.202051
113.217406527112,23.0036331036354,-3.194823
113.217414498342,23.0036169676054,-3.188144
113.217422474492,23.0036008211554,-3.182103
113.217430430462,23.0035847151454,-3.176839
113.217438438092,23.0035685041154,-3.172452
113.217446394132,23.0035523971254,-3.168915
113.217450310182,23.0035444689454,-3.166377
113.217454366242,23.0035362572054,-3.164503
113.217458276302,23.0035283409554,-3.163143
113.217462332222,23.0035201293154,-3.162061
113.217466282832,23.0035121307854,-3.161167
113.217470338672,23.0035039191354,-3.160389
113.217474318912,23.0034958604554,-3.159725
113.217478374682,23.0034876487654,-3.159156
113.217482344592,23.0034796107954,-3.158682
113.217486400322,23.0034713990154,-3.158293
113.217490389772,23.0034633213554,-3.158013
113.217494445452,23.0034551094854,-3.157892
113.217498469462,23.0034469616854,-3.158013
113.217502525102,23.0034387497654,-3.158452
113.217506562892,23.0034305738954,-3.159239
113.217510619572,23.0034223597054,-3.160325
113.217514658272,23.0034141818554,-3.161561
113.217518713872,23.0034059697254,-3.162747
113.217522735532,23.0033978262254,-3.163691
113.217526791042,23.0033896140954,-3.164312
113.217530847342,23.0033814003254,-3.16465
113.217534902812,23.0033731881554,-3.164863
113.217538910962,23.0033650717554,-3.165143
113.217542966362,23.0033568595854,-3.165639
113.217547015242,23.0033486605754,-3.166384
113.217551070592,23.0033404483854,-3.167307
113.217555089942,23.0033323090454,-3.168265
113.217559145242,23.0033240968554,-3.169117
113.217563201102,23.0033158834554,-3.169751
113.217567256342,23.0033076712454,-3.17011
113.217571327922,23.0032994259054,-3.170172
113.217575383122,23.0032912136754,-3.169942
113.217579438072,23.0032830019054,-3.169439
113.217583493222,23.0032747896454,-3.168716
113.217587517562,23.0032666397554,-3.167888
113.217591572662,23.0032584274854,-3.167137
113.217595627762,23.0032502151854,-3.166685
113.217599682882,23.0032420028154,-3.166716
113.217603767545,23.0032337003594,-3.167281
113.217607822615,23.0032254879694,-3.16825
113.217611865005,23.0032173012194,-3.169346
113.217615920725,23.0032090874294,-3.170255
113.217619979375,23.0032008676494,-3.170763
113.217624035105,23.0031926537394,-3.170845
113.217628078325,23.0031844651194,-3.170655
113.217632133425,23.0031762523894,-3.170438
113.217635852009,23.0031676827857,-3.170406
113.217639907079,23.0031594700357,-3.170632
113.217643974959,23.0031512313157,-3.171019
113.217648017429,23.0031430440157,-3.17137
113.217652072519,23.0031348311157,-3.171467
113.217656175799,23.0031265205657,-3.171187
113.217660230639,23.0031183080957,-3.170544
113.217664278329,23.0031101100657,-3.169608
113.217668333189,23.0031018974757,-3.168462
113.217672415829,23.0030936286057,-3.167143
113.217676470599,23.0030854161357,-3.165648
113.217680560109,23.0030771332657,-3.163935
113.217684614829,23.0030689208157,-3.162013
113.217688668579,23.0030607103357,-3.159926
113.217692723259,23.0030524979157,-3.157784
113.217696802619,23.0030442354757,-3.15572
113.217700857289,23.0030360230057,-3.153869
113.217704919579,23.0030277950957,-3.152285
113.217708974229,23.0030195826257,-3.150952
113.217713066249,23.0030112944357,-3.149767
113.217717120829,23.0030030820557,-3.148605
113.217721184279,23.0029948516857,-3.14732
113.217725238829,23.0029866393057,-3.145808
113.217729313179,23.0029783868057,-3.143989
113.217733367739,23.0029701743657,-3.141819
113.217737444589,23.0029619167557,-3.139256
113.217741499129,23.0029537043257,-3.136304
113.217745580199,23.0029454381157,-3.132992
113.217749634709,23.0029372257057,-3.129416
113.217753719159,23.0029289526157,-3.125675
113.217757773459,23.0029207405857,-3.12189
113.217761865099,23.0029124529057,-3.118129
113.217765918779,23.0029042420857,-3.114473
113.217769989209,23.0028959973457,-3.110957
113.217774045619,23.0028877809557,-3.107635
113.217778085309,23.0028795984357,-3.104552
113.217782139909,23.0028713856957,-3.101735
113.217786185909,23.0028631903657,-3.099214
113.217790240679,23.0028549772857,-3.097004
113.217794322109,23.0028467101657,-3.095111
113.217798376539,23.0028384977057,-3.093536
113.217802449159,23.0028302484357,-3.09225
113.217806503659,23.0028220358457,-3.091209
113.217810550269,23.0028138392157,-3.090342
113.217814604759,23.0028056266357,-3.089563
113.217818361602,23.0027970030345,-3.088783
113.217822416082,23.0027887904545,-3.087915
113.217826455422,23.0027806085345,-3.086903
113.217830509902,23.0027723959645,-3.085737
113.217834555902,23.0027642005245,-3.084473
113.217838610442,23.0027559878145,-3.08322
113.217842672742,23.0027477593845,-3.082102
113.217846727532,23.0027395461745,-3.081209
113.217850756952,23.0027313843445,-3.08057
113.217854811712,23.0027231712045,-3.080157
113.217858888122,23.0027149141945,-3.079908
113.217862941982,23.0027067028745,-3.079759
113.217867016682,23.0026984493545,-3.079658
113.217871071172,23.0026902367645,-3.07957
113.217875137482,23.0026820002345,-3.079465
113.217879192382,23.0026737868345,-3.079311
113.217883246962,23.0026655740845,-3.079078
113.217887316332,23.0026573313945,-3.078738
113.217891370762,23.0026491189945,-3.078288
113.217895415482,23.0026409262645,-3.077752
113.217899466542,23.0026327206945,-3.077182
113.217903481162,23.0026245889745,-3.076646
113.217907541872,23.0026163638945,-3.076198
113.217911552232,23.0026082408245,-3.075889
113.217915606832,23.0026000281745,-3.075739
113.217919628192,23.0025918828545,-3.075761
113.217923669874,23.0025836503959,-3.075953
113.217927709944,23.0025754672259,-3.07629
113.217931764584,23.0025672545959,-3.076712
113.217935803994,23.0025590728159,-3.077127
113.217939858664,23.0025508601659,-3.077425
113.217943882524,23.0025427099559,-3.077506
113.217947937144,23.0025344974759,-3.077307
113.217951943084,23.0025263836259,-3.076827
113.217955997724,23.0025181711659,-3.076102
113.217960029344,23.0025100053659,-3.075212
113.217964084024,23.0025017929059,-3.074239
113.217968144644,23.0024935684659,-3.073268
113.217972199364,23.0024853560059,-3.072363
113.217976248104,23.0024771557159,-3.071569
113.217980302864,23.0024689432859,-3.070904
113.217984327634,23.0024607916359,-3.070365
113.217988382444,23.0024525791959,-3.069924
113.217992443204,23.0024443547559,-3.069544
113.217996498074,23.0024361423159,-3.069185
113.218000591974,23.0024278509059,-3.068806
113.218004675162,23.0024195474574,-3.068369
113.218008750692,23.0024112933774,-3.067823
113.218012805642,23.0024030810374,-3.067104
113.218016856132,23.0023948777974,-3.066132
113.218020910802,23.0023866661974,-3.064833
113.218024991122,23.0023784027074,-3.063143
113.218029045902,23.0023701910475,-3.061029
113.218033073312,23.0023620348975,-3.058469
113.218037128342,23.0023538229075,-3.055444
113.218041209982,23.0023455571474,-3.051962
113.218045266542,23.0023373422374,-3.04812
113.218049355142,23.0023290626075,-3.044093
113.218053408052,23.0023208553275,-3.040203
113.218057495622,23.0023125779975,-3.036763
113.218061378332,23.0023047156574,-3.034021
113.218073452442,23.0022802667775,-3.031967
113.218077072652,23.0022729364774,-3.030353
